{"cameraMode":{"drawMode":0,"name":"Shaded","section":"Shading Mode"},"sceneLighting":true,"audioPlay":false,"sceneViewState":{"m_AlwaysRefresh":false,"showFog":true,"showSkybox":true,"showFlares":true,"showImageEffects":true,"showParticleSystems":true,"showVisualEffectGraphs":true,"m_FxEnabled":true},"in2DMode":false,"pivot":{"x":-179.76170349121095,"y":31.258066177368165,"z":211.8805694580078},"rotation":{"x":-0.11259996891021729,"y":0.10077245533466339,"z":-0.011214091442525387,"w":-0.9884937405586243},"size":14.364235877990723,"orthographic":false}